"K_syn","DE_lfc","adjust_method","test_method","eval_domain_col","rearrange","strict_ok","power_strict","power_raw","fdp","n_rej","n_TP","n_FP","n_test","n_DE","spatial_mode","rep","seed_used"
3,0.25,"bonferroni","t","hat_d",TRUE,TRUE,0,0,0,0,0,0,10,5,"original",1,10201
3,0.25,"bonferroni","t","hat_d",TRUE,TRUE,0,0,0,0,0,0,10,5,"original",2,10202
3,0.25,"bonferroni","t","hat_d",TRUE,TRUE,0,0,0,0,0,0,10,5,"original",3,10203
3,0.25,"bonferroni","t","hat_d",TRUE,TRUE,0,0,0,0,0,0,10,5,"original",4,10204
3,0.25,"bonferroni","t","hat_d",TRUE,TRUE,0.2,0.2,0,1,1,0,10,5,"original",5,10205
3,0.25,"bonferroni","t","hat_d",TRUE,TRUE,0,0,0,0,0,0,10,5,"original",6,10206
3,0.25,"bonferroni","t","hat_d",TRUE,TRUE,0,0,0,0,0,0,10,5,"original",7,10207
3,0.25,"bonferroni","t","hat_d",TRUE,TRUE,0,0,0,0,0,0,10,5,"original",8,10208
3,0.25,"bonferroni","t","hat_d",TRUE,TRUE,0.2,0.2,0,1,1,0,10,5,"original",9,10209
3,0.25,"bonferroni","t","hat_d",TRUE,TRUE,0.2,0.2,0,1,1,0,10,5,"original",10,10210
3,0.25,"bonferroni","t","hat_d",TRUE,TRUE,0.4,0.4,0,2,2,0,10,5,"original",11,10211
3,0.25,"bonferroni","t","hat_d",TRUE,TRUE,0.2,0.2,0,1,1,0,10,5,"original",12,10212
3,0.25,"bonferroni","t","hat_d",TRUE,TRUE,0.2,0.2,0,1,1,0,10,5,"original",13,10213
3,0.25,"bonferroni","t","hat_d",TRUE,TRUE,0.2,0.2,0,1,1,0,10,5,"original",14,10214
3,0.25,"bonferroni","t","hat_d",TRUE,TRUE,0,0,0,0,0,0,10,5,"original",15,10215
3,0.25,"bonferroni","t","hat_d",TRUE,TRUE,0,0,0,0,0,0,10,5,"original",16,10216
3,0.25,"bonferroni","t","hat_d",TRUE,TRUE,0,0,0,0,0,0,10,5,"original",17,10217
3,0.25,"bonferroni","t","hat_d",TRUE,TRUE,0,0,0,0,0,0,10,5,"original",18,10218
3,0.25,"bonferroni","t","hat_d",TRUE,TRUE,0,0,0,0,0,0,10,5,"original",19,10219
3,0.25,"bonferroni","t","hat_d",TRUE,TRUE,0,0,0,0,0,0,10,5,"original",20,10220
3,0.25,"bonferroni","t","hat_d",TRUE,TRUE,0,0,0,0,0,0,10,5,"original",21,10221
3,0.25,"bonferroni","t","hat_d",TRUE,TRUE,0,0,0,0,0,0,10,5,"original",22,10222
3,0.25,"bonferroni","t","hat_d",TRUE,TRUE,0,0,0,0,0,0,10,5,"original",23,10223
3,0.25,"bonferroni","t","hat_d",TRUE,TRUE,0,0,0,0,0,0,10,5,"original",24,10224
3,0.25,"bonferroni","t","hat_d",TRUE,TRUE,0.2,0.2,0,1,1,0,10,5,"original",25,10225
3,0.25,"bonferroni","t","hat_d",TRUE,TRUE,0.2,0.2,0,1,1,0,10,5,"original",26,10226
3,0.25,"bonferroni","t","hat_d",TRUE,TRUE,0.2,0.2,0,1,1,0,10,5,"original",27,10227
3,0.25,"bonferroni","t","hat_d",TRUE,TRUE,0,0,0,0,0,0,10,5,"original",28,10228
3,0.25,"bonferroni","t","hat_d",TRUE,TRUE,0,0,0,0,0,0,10,5,"original",29,10229
3,0.25,"bonferroni","t","hat_d",TRUE,TRUE,0,0,0,0,0,0,10,5,"original",30,10230
4,0.25,"bonferroni","t","hat_d",TRUE,TRUE,0.4,0.4,0,2,2,0,10,5,"original",1,10301
4,0.25,"bonferroni","t","hat_d",TRUE,TRUE,0.4,0.4,0,2,2,0,10,5,"original",2,10302
4,0.25,"bonferroni","t","hat_d",TRUE,TRUE,0.2,0.2,0,1,1,0,10,5,"original",3,10303
4,0.25,"bonferroni","t","hat_d",TRUE,TRUE,0.2,0.2,0,1,1,0,10,5,"original",4,10304
4,0.25,"bonferroni","t","hat_d",TRUE,TRUE,0.4,0.4,0,2,2,0,10,5,"original",5,10305
4,0.25,"bonferroni","t","hat_d",TRUE,TRUE,0.2,0.2,0,1,1,0,10,5,"original",6,10306
4,0.25,"bonferroni","t","hat_d",TRUE,TRUE,0.2,0.2,0,1,1,0,10,5,"original",7,10307
4,0.25,"bonferroni","t","hat_d",TRUE,TRUE,0.2,0.2,0,1,1,0,10,5,"original",8,10308
4,0.25,"bonferroni","t","hat_d",TRUE,TRUE,0.2,0.2,0,1,1,0,10,5,"original",9,10309
4,0.25,"bonferroni","t","hat_d",TRUE,TRUE,0.2,0.2,0,1,1,0,10,5,"original",10,10310
4,0.25,"bonferroni","t","hat_d",TRUE,TRUE,0.2,0.2,0,1,1,0,10,5,"original",11,10311
4,0.25,"bonferroni","t","hat_d",TRUE,TRUE,0.2,0.2,0,1,1,0,10,5,"original",12,10312
4,0.25,"bonferroni","t","hat_d",TRUE,TRUE,0.2,0.2,0,1,1,0,10,5,"original",13,10313
4,0.25,"bonferroni","t","hat_d",TRUE,TRUE,0.4,0.4,0,2,2,0,10,5,"original",14,10314
4,0.25,"bonferroni","t","hat_d",TRUE,TRUE,0.4,0.4,0,2,2,0,10,5,"original",15,10315
4,0.25,"bonferroni","t","hat_d",TRUE,TRUE,0,0,0,0,0,0,10,5,"original",16,10316
4,0.25,"bonferroni","t","hat_d",TRUE,TRUE,0,0,0,0,0,0,10,5,"original",17,10317
4,0.25,"bonferroni","t","hat_d",TRUE,TRUE,0,0,0,0,0,0,10,5,"original",18,10318
4,0.25,"bonferroni","t","hat_d",TRUE,TRUE,0,0,0,0,0,0,10,5,"original",19,10319
4,0.25,"bonferroni","t","hat_d",TRUE,TRUE,0.2,0.2,0,1,1,0,10,5,"original",20,10320
4,0.25,"bonferroni","t","hat_d",TRUE,TRUE,0.2,0.2,0,1,1,0,10,5,"original",21,10321
4,0.25,"bonferroni","t","hat_d",TRUE,TRUE,0.2,0.2,0,1,1,0,10,5,"original",22,10322
4,0.25,"bonferroni","t","hat_d",TRUE,TRUE,0.2,0.2,0,1,1,0,10,5,"original",23,10323
4,0.25,"bonferroni","t","hat_d",TRUE,TRUE,0.4,0.4,0,2,2,0,10,5,"original",24,10324
4,0.25,"bonferroni","t","hat_d",TRUE,TRUE,0.4,0.4,0,2,2,0,10,5,"original",25,10325
4,0.25,"bonferroni","t","hat_d",TRUE,TRUE,0.4,0.4,0,2,2,0,10,5,"original",26,10326
4,0.25,"bonferroni","t","hat_d",TRUE,TRUE,0.2,0.2,0,1,1,0,10,5,"original",27,10327
4,0.25,"bonferroni","t","hat_d",TRUE,TRUE,0.2,0.2,0,1,1,0,10,5,"original",28,10328
4,0.25,"bonferroni","t","hat_d",TRUE,TRUE,0.2,0.2,0,1,1,0,10,5,"original",29,10329
4,0.25,"bonferroni","t","hat_d",TRUE,TRUE,0.4,0.4,0,2,2,0,10,5,"original",30,10330
5,0.25,"bonferroni","t","hat_d",TRUE,TRUE,0.4,0.4,0,2,2,0,10,5,"original",1,10401
5,0.25,"bonferroni","t","hat_d",TRUE,TRUE,0.4,0.4,0,2,2,0,10,5,"original",2,10402
5,0.25,"bonferroni","t","hat_d",TRUE,TRUE,0.4,0.4,0,2,2,0,10,5,"original",3,10403
5,0.25,"bonferroni","t","hat_d",TRUE,TRUE,0.4,0.4,0,2,2,0,10,5,"original",4,10404
5,0.25,"bonferroni","t","hat_d",TRUE,TRUE,0.2,0.2,0,1,1,0,10,5,"original",5,10405
5,0.25,"bonferroni","t","hat_d",TRUE,TRUE,0.4,0.4,0,2,2,0,10,5,"original",6,10406
5,0.25,"bonferroni","t","hat_d",TRUE,TRUE,0.2,0.2,0,1,1,0,10,5,"original",7,10407
5,0.25,"bonferroni","t","hat_d",TRUE,TRUE,0.2,0.2,0,1,1,0,10,5,"original",8,10408
5,0.25,"bonferroni","t","hat_d",TRUE,TRUE,0.2,0.2,0,1,1,0,10,5,"original",9,10409
5,0.25,"bonferroni","t","hat_d",TRUE,TRUE,0.4,0.4,0,2,2,0,10,5,"original",10,10410
5,0.25,"bonferroni","t","hat_d",TRUE,TRUE,0.4,0.4,0,2,2,0,10,5,"original",11,10411
5,0.25,"bonferroni","t","hat_d",TRUE,TRUE,0.4,0.4,0,2,2,0,10,5,"original",12,10412
5,0.25,"bonferroni","t","hat_d",TRUE,TRUE,0.4,0.4,0,2,2,0,10,5,"original",13,10413
5,0.25,"bonferroni","t","hat_d",TRUE,TRUE,0.2,0.2,0,1,1,0,10,5,"original",14,10414
5,0.25,"bonferroni","t","hat_d",TRUE,TRUE,0.4,0.4,0,2,2,0,10,5,"original",15,10415
5,0.25,"bonferroni","t","hat_d",TRUE,TRUE,0.6,0.6,0,3,3,0,10,5,"original",16,10416
5,0.25,"bonferroni","t","hat_d",TRUE,TRUE,0.4,0.4,0,2,2,0,10,5,"original",17,10417
5,0.25,"bonferroni","t","hat_d",TRUE,TRUE,0.6,0.6,0,3,3,0,10,5,"original",18,10418
5,0.25,"bonferroni","t","hat_d",TRUE,TRUE,0.6,0.6,0,3,3,0,10,5,"original",19,10419
5,0.25,"bonferroni","t","hat_d",TRUE,TRUE,0.2,0.2,0,1,1,0,10,5,"original",20,10420
5,0.25,"bonferroni","t","hat_d",TRUE,TRUE,0,0,0,0,0,0,10,5,"original",21,10421
5,0.25,"bonferroni","t","hat_d",TRUE,TRUE,0.2,0.2,0,1,1,0,10,5,"original",22,10422
5,0.25,"bonferroni","t","hat_d",TRUE,TRUE,0.2,0.2,0,1,1,0,10,5,"original",23,10423
5,0.25,"bonferroni","t","hat_d",TRUE,TRUE,0.2,0.2,0,1,1,0,10,5,"original",24,10424
5,0.25,"bonferroni","t","hat_d",TRUE,TRUE,0.4,0.4,0,2,2,0,10,5,"original",25,10425
5,0.25,"bonferroni","t","hat_d",TRUE,TRUE,0.4,0.4,0,2,2,0,10,5,"original",26,10426
5,0.25,"bonferroni","t","hat_d",TRUE,TRUE,0.4,0.4,0,2,2,0,10,5,"original",27,10427
5,0.25,"bonferroni","t","hat_d",TRUE,TRUE,0.6,0.6,0,3,3,0,10,5,"original",28,10428
5,0.25,"bonferroni","t","hat_d",TRUE,TRUE,0.6,0.6,0,3,3,0,10,5,"original",29,10429
5,0.25,"bonferroni","t","hat_d",TRUE,TRUE,0.6,0.6,0,3,3,0,10,5,"original",30,10430
6,0.25,"bonferroni","t","hat_d",TRUE,TRUE,0.6,0.6,0,3,3,0,10,5,"original",1,10501
6,0.25,"bonferroni","t","hat_d",TRUE,TRUE,0.6,0.6,0,3,3,0,10,5,"original",2,10502
6,0.25,"bonferroni","t","hat_d",TRUE,TRUE,0.8,0.8,0,4,4,0,10,5,"original",3,10503
6,0.25,"bonferroni","t","hat_d",TRUE,TRUE,0.8,0.8,0,4,4,0,10,5,"original",4,10504
6,0.25,"bonferroni","t","hat_d",TRUE,TRUE,0.8,0.8,0,4,4,0,10,5,"original",5,10505
6,0.25,"bonferroni","t","hat_d",TRUE,TRUE,0.8,0.8,0,4,4,0,10,5,"original",6,10506
6,0.25,"bonferroni","t","hat_d",TRUE,TRUE,0.6,0.6,0,3,3,0,10,5,"original",7,10507
6,0.25,"bonferroni","t","hat_d",TRUE,TRUE,0.6,0.6,0,3,3,0,10,5,"original",8,10508
6,0.25,"bonferroni","t","hat_d",TRUE,TRUE,0.6,0.6,0,3,3,0,10,5,"original",9,10509
6,0.25,"bonferroni","t","hat_d",TRUE,TRUE,0.8,0.8,0,4,4,0,10,5,"original",10,10510
6,0.25,"bonferroni","t","hat_d",TRUE,TRUE,0.6,0.6,0,3,3,0,10,5,"original",11,10511
6,0.25,"bonferroni","t","hat_d",TRUE,TRUE,0.6,0.6,0,3,3,0,10,5,"original",12,10512
6,0.25,"bonferroni","t","hat_d",TRUE,TRUE,0.6,0.6,0,3,3,0,10,5,"original",13,10513
6,0.25,"bonferroni","t","hat_d",TRUE,TRUE,0.6,0.6,0,3,3,0,10,5,"original",14,10514
6,0.25,"bonferroni","t","hat_d",TRUE,TRUE,0.6,0.6,0,3,3,0,10,5,"original",15,10515
6,0.25,"bonferroni","t","hat_d",TRUE,TRUE,0.4,0.4,0,2,2,0,10,5,"original",16,10516
6,0.25,"bonferroni","t","hat_d",TRUE,TRUE,0.4,0.4,0,2,2,0,10,5,"original",17,10517
6,0.25,"bonferroni","t","hat_d",TRUE,TRUE,0.6,0.6,0,3,3,0,10,5,"original",18,10518
6,0.25,"bonferroni","t","hat_d",TRUE,TRUE,0.8,0.8,0,4,4,0,10,5,"original",19,10519
6,0.25,"bonferroni","t","hat_d",TRUE,TRUE,0.6,0.6,0,3,3,0,10,5,"original",20,10520
6,0.25,"bonferroni","t","hat_d",TRUE,TRUE,0.8,0.8,0,4,4,0,10,5,"original",21,10521
6,0.25,"bonferroni","t","hat_d",TRUE,TRUE,0.8,0.8,0,4,4,0,10,5,"original",22,10522
6,0.25,"bonferroni","t","hat_d",TRUE,TRUE,0.8,0.8,0,4,4,0,10,5,"original",23,10523
6,0.25,"bonferroni","t","hat_d",TRUE,TRUE,0.6,0.6,0,3,3,0,10,5,"original",24,10524
6,0.25,"bonferroni","t","hat_d",TRUE,TRUE,0.6,0.6,0,3,3,0,10,5,"original",25,10525
6,0.25,"bonferroni","t","hat_d",TRUE,TRUE,0.6,0.6,0,3,3,0,10,5,"original",26,10526
6,0.25,"bonferroni","t","hat_d",TRUE,TRUE,0.6,0.6,0,3,3,0,10,5,"original",27,10527
6,0.25,"bonferroni","t","hat_d",TRUE,TRUE,0.6,0.6,0,3,3,0,10,5,"original",28,10528
6,0.25,"bonferroni","t","hat_d",TRUE,TRUE,0.6,0.6,0,3,3,0,10,5,"original",29,10529
6,0.25,"bonferroni","t","hat_d",TRUE,TRUE,0.6,0.6,0,3,3,0,10,5,"original",30,10530
7,0.25,"bonferroni","t","hat_d",TRUE,TRUE,0.6,0.6,0,3,3,0,10,5,"original",1,10601
7,0.25,"bonferroni","t","hat_d",TRUE,TRUE,0.6,0.6,0,3,3,0,10,5,"original",2,10602
7,0.25,"bonferroni","t","hat_d",TRUE,TRUE,0.6,0.6,0,3,3,0,10,5,"original",3,10603
7,0.25,"bonferroni","t","hat_d",TRUE,TRUE,0.8,0.8,0,4,4,0,10,5,"original",4,10604
7,0.25,"bonferroni","t","hat_d",TRUE,TRUE,0.8,0.8,0,4,4,0,10,5,"original",5,10605
7,0.25,"bonferroni","t","hat_d",TRUE,TRUE,0.8,0.8,0,4,4,0,10,5,"original",6,10606
7,0.25,"bonferroni","t","hat_d",TRUE,TRUE,0.8,0.8,0,4,4,0,10,5,"original",7,10607
7,0.25,"bonferroni","t","hat_d",TRUE,TRUE,0.8,0.8,0,4,4,0,10,5,"original",8,10608
7,0.25,"bonferroni","t","hat_d",TRUE,TRUE,0.8,0.8,0,4,4,0,10,5,"original",9,10609
7,0.25,"bonferroni","t","hat_d",TRUE,TRUE,0.8,0.8,0,4,4,0,10,5,"original",10,10610
7,0.25,"bonferroni","t","hat_d",TRUE,TRUE,0.8,0.8,0,4,4,0,10,5,"original",11,10611
7,0.25,"bonferroni","t","hat_d",TRUE,TRUE,0.8,0.8,0,4,4,0,10,5,"original",12,10612
7,0.25,"bonferroni","t","hat_d",TRUE,TRUE,1,1,0,5,5,0,10,5,"original",13,10613
7,0.25,"bonferroni","t","hat_d",TRUE,TRUE,1,1,0,5,5,0,10,5,"original",14,10614
7,0.25,"bonferroni","t","hat_d",TRUE,TRUE,1,1,0,5,5,0,10,5,"original",15,10615
7,0.25,"bonferroni","t","hat_d",TRUE,TRUE,1,1,0,5,5,0,10,5,"original",16,10616
7,0.25,"bonferroni","t","hat_d",TRUE,TRUE,1,1,0,5,5,0,10,5,"original",17,10617
7,0.25,"bonferroni","t","hat_d",TRUE,TRUE,0.8,0.8,0,4,4,0,10,5,"original",18,10618
7,0.25,"bonferroni","t","hat_d",TRUE,TRUE,0.8,0.8,0,4,4,0,10,5,"original",19,10619
7,0.25,"bonferroni","t","hat_d",TRUE,TRUE,0.8,0.8,0,4,4,0,10,5,"original",20,10620
7,0.25,"bonferroni","t","hat_d",TRUE,TRUE,0.6,0.6,0,3,3,0,10,5,"original",21,10621
7,0.25,"bonferroni","t","hat_d",TRUE,TRUE,0.8,0.8,0,4,4,0,10,5,"original",22,10622
7,0.25,"bonferroni","t","hat_d",TRUE,TRUE,0.8,0.8,0,4,4,0,10,5,"original",23,10623
7,0.25,"bonferroni","t","hat_d",TRUE,TRUE,0.6,0.6,0,3,3,0,10,5,"original",24,10624
7,0.25,"bonferroni","t","hat_d",TRUE,TRUE,0.6,0.6,0,3,3,0,10,5,"original",25,10625
7,0.25,"bonferroni","t","hat_d",TRUE,TRUE,0.6,0.6,0,3,3,0,10,5,"original",26,10626
7,0.25,"bonferroni","t","hat_d",TRUE,TRUE,0.6,0.6,0,3,3,0,10,5,"original",27,10627
7,0.25,"bonferroni","t","hat_d",TRUE,TRUE,0.6,0.6,0,3,3,0,10,5,"original",28,10628
7,0.25,"bonferroni","t","hat_d",TRUE,TRUE,0.6,0.6,0,3,3,0,10,5,"original",29,10629
7,0.25,"bonferroni","t","hat_d",TRUE,TRUE,0.6,0.6,0,3,3,0,10,5,"original",30,10630
8,0.25,"bonferroni","t","hat_d",TRUE,TRUE,0.8,0.8,0,4,4,0,10,5,"original",1,10701
8,0.25,"bonferroni","t","hat_d",TRUE,TRUE,0.8,0.8,0,4,4,0,10,5,"original",2,10702
8,0.25,"bonferroni","t","hat_d",TRUE,TRUE,0.8,0.8,0,4,4,0,10,5,"original",3,10703
8,0.25,"bonferroni","t","hat_d",TRUE,TRUE,1,1,0,5,5,0,10,5,"original",4,10704
8,0.25,"bonferroni","t","hat_d",TRUE,TRUE,1,1,0,5,5,0,10,5,"original",5,10705
8,0.25,"bonferroni","t","hat_d",TRUE,TRUE,0.8,0.8,0,4,4,0,10,5,"original",6,10706
8,0.25,"bonferroni","t","hat_d",TRUE,TRUE,0.8,0.8,0,4,4,0,10,5,"original",7,10707
8,0.25,"bonferroni","t","hat_d",TRUE,TRUE,0.8,0.8,0,4,4,0,10,5,"original",8,10708
8,0.25,"bonferroni","t","hat_d",TRUE,TRUE,0.8,0.8,0,4,4,0,10,5,"original",9,10709
8,0.25,"bonferroni","t","hat_d",TRUE,TRUE,0.8,0.8,0,4,4,0,10,5,"original",10,10710
8,0.25,"bonferroni","t","hat_d",TRUE,TRUE,0.8,0.8,0,4,4,0,10,5,"original",11,10711
8,0.25,"bonferroni","t","hat_d",TRUE,TRUE,0.8,0.8,0,4,4,0,10,5,"original",12,10712
8,0.25,"bonferroni","t","hat_d",TRUE,TRUE,0.8,0.8,0,4,4,0,10,5,"original",13,10713
8,0.25,"bonferroni","t","hat_d",TRUE,TRUE,0.8,0.8,0,4,4,0,10,5,"original",14,10714
8,0.25,"bonferroni","t","hat_d",TRUE,TRUE,0.8,0.8,0,4,4,0,10,5,"original",15,10715
8,0.25,"bonferroni","t","hat_d",TRUE,TRUE,0.8,0.8,0,4,4,0,10,5,"original",16,10716
8,0.25,"bonferroni","t","hat_d",TRUE,TRUE,0.8,0.8,0,4,4,0,10,5,"original",17,10717
8,0.25,"bonferroni","t","hat_d",TRUE,TRUE,0.8,0.8,0,4,4,0,10,5,"original",18,10718
8,0.25,"bonferroni","t","hat_d",TRUE,TRUE,0.8,0.8,0,4,4,0,10,5,"original",19,10719
8,0.25,"bonferroni","t","hat_d",TRUE,TRUE,1,1,0,5,5,0,10,5,"original",20,10720
8,0.25,"bonferroni","t","hat_d",TRUE,TRUE,0.8,0.8,0,4,4,0,10,5,"original",21,10721
8,0.25,"bonferroni","t","hat_d",TRUE,TRUE,0.8,0.8,0,4,4,0,10,5,"original",22,10722
8,0.25,"bonferroni","t","hat_d",TRUE,TRUE,0.8,0.8,0,4,4,0,10,5,"original",23,10723
8,0.25,"bonferroni","t","hat_d",TRUE,TRUE,1,1,0,5,5,0,10,5,"original",24,10724
8,0.25,"bonferroni","t","hat_d",TRUE,TRUE,1,1,0,5,5,0,10,5,"original",25,10725
8,0.25,"bonferroni","t","hat_d",TRUE,TRUE,1,1,0,5,5,0,10,5,"original",26,10726
8,0.25,"bonferroni","t","hat_d",TRUE,TRUE,1,1,0,5,5,0,10,5,"original",27,10727
8,0.25,"bonferroni","t","hat_d",TRUE,TRUE,1,1,0,5,5,0,10,5,"original",28,10728
8,0.25,"bonferroni","t","hat_d",TRUE,TRUE,1,1,0,5,5,0,10,5,"original",29,10729
8,0.25,"bonferroni","t","hat_d",TRUE,TRUE,1,1,0,5,5,0,10,5,"original",30,10730
9,0.25,"bonferroni","t","hat_d",TRUE,TRUE,1,1,0,5,5,0,10,5,"original",1,10801
9,0.25,"bonferroni","t","hat_d",TRUE,TRUE,1,1,0,5,5,0,10,5,"original",2,10802
9,0.25,"bonferroni","t","hat_d",TRUE,TRUE,1,1,0,5,5,0,10,5,"original",3,10803
9,0.25,"bonferroni","t","hat_d",TRUE,TRUE,1,1,0,5,5,0,10,5,"original",4,10804
9,0.25,"bonferroni","t","hat_d",TRUE,TRUE,1,1,0,5,5,0,10,5,"original",5,10805
9,0.25,"bonferroni","t","hat_d",TRUE,TRUE,1,1,0,5,5,0,10,5,"original",6,10806
9,0.25,"bonferroni","t","hat_d",TRUE,TRUE,1,1,0,5,5,0,10,5,"original",7,10807
9,0.25,"bonferroni","t","hat_d",TRUE,TRUE,1,1,0,5,5,0,10,5,"original",8,10808
9,0.25,"bonferroni","t","hat_d",TRUE,TRUE,1,1,0,5,5,0,10,5,"original",9,10809
9,0.25,"bonferroni","t","hat_d",TRUE,TRUE,1,1,0,5,5,0,10,5,"original",10,10810
9,0.25,"bonferroni","t","hat_d",TRUE,TRUE,1,1,0,5,5,0,10,5,"original",11,10811
9,0.25,"bonferroni","t","hat_d",TRUE,TRUE,1,1,0,5,5,0,10,5,"original",12,10812
9,0.25,"bonferroni","t","hat_d",TRUE,TRUE,1,1,0,5,5,0,10,5,"original",13,10813
9,0.25,"bonferroni","t","hat_d",TRUE,TRUE,1,1,0,5,5,0,10,5,"original",14,10814
9,0.25,"bonferroni","t","hat_d",TRUE,TRUE,1,1,0,5,5,0,10,5,"original",15,10815
9,0.25,"bonferroni","t","hat_d",TRUE,TRUE,1,1,0,5,5,0,10,5,"original",16,10816
9,0.25,"bonferroni","t","hat_d",TRUE,TRUE,1,1,0,5,5,0,10,5,"original",17,10817
9,0.25,"bonferroni","t","hat_d",TRUE,TRUE,1,1,0,5,5,0,10,5,"original",18,10818
9,0.25,"bonferroni","t","hat_d",TRUE,TRUE,1,1,0,5,5,0,10,5,"original",19,10819
9,0.25,"bonferroni","t","hat_d",TRUE,TRUE,0.8,0.8,0,4,4,0,10,5,"original",20,10820
9,0.25,"bonferroni","t","hat_d",TRUE,TRUE,0.8,0.8,0,4,4,0,10,5,"original",21,10821
9,0.25,"bonferroni","t","hat_d",TRUE,TRUE,1,1,0,5,5,0,10,5,"original",22,10822
9,0.25,"bonferroni","t","hat_d",TRUE,TRUE,1,1,0,5,5,0,10,5,"original",23,10823
9,0.25,"bonferroni","t","hat_d",TRUE,TRUE,1,1,0,5,5,0,10,5,"original",24,10824
9,0.25,"bonferroni","t","hat_d",TRUE,TRUE,0.8,0.8,0,4,4,0,10,5,"original",25,10825
9,0.25,"bonferroni","t","hat_d",TRUE,TRUE,0.8,0.8,0,4,4,0,10,5,"original",26,10826
9,0.25,"bonferroni","t","hat_d",TRUE,TRUE,0.8,0.8,0,4,4,0,10,5,"original",27,10827
9,0.25,"bonferroni","t","hat_d",TRUE,TRUE,1,1,0,5,5,0,10,5,"original",28,10828
9,0.25,"bonferroni","t","hat_d",TRUE,TRUE,1,1,0,5,5,0,10,5,"original",29,10829
9,0.25,"bonferroni","t","hat_d",TRUE,TRUE,1,1,0,5,5,0,10,5,"original",30,10830
3,0.3,"bonferroni","t","hat_d",TRUE,TRUE,0.2,0.2,0,1,1,0,10,5,"original",1,20201
3,0.3,"bonferroni","t","hat_d",TRUE,TRUE,0.4,0.4,0,2,2,0,10,5,"original",2,20202
3,0.3,"bonferroni","t","hat_d",TRUE,TRUE,0.4,0.4,0,2,2,0,10,5,"original",3,20203
3,0.3,"bonferroni","t","hat_d",TRUE,TRUE,0.2,0.2,0,1,1,0,10,5,"original",4,20204
3,0.3,"bonferroni","t","hat_d",TRUE,TRUE,0.2,0.2,0,1,1,0,10,5,"original",5,20205
3,0.3,"bonferroni","t","hat_d",TRUE,TRUE,0.2,0.2,0,1,1,0,10,5,"original",6,20206
3,0.3,"bonferroni","t","hat_d",TRUE,TRUE,0.2,0.2,0,1,1,0,10,5,"original",7,20207
3,0.3,"bonferroni","t","hat_d",TRUE,TRUE,0.2,0.2,0,1,1,0,10,5,"original",8,20208
3,0.3,"bonferroni","t","hat_d",TRUE,TRUE,0.4,0.4,0,2,2,0,10,5,"original",9,20209
3,0.3,"bonferroni","t","hat_d",TRUE,TRUE,0.4,0.4,0,2,2,0,10,5,"original",10,20210
3,0.3,"bonferroni","t","hat_d",TRUE,TRUE,0.6,0.6,0,3,3,0,10,5,"original",11,20211
3,0.3,"bonferroni","t","hat_d",TRUE,TRUE,0.2,0.2,0,1,1,0,10,5,"original",12,20212
3,0.3,"bonferroni","t","hat_d",TRUE,TRUE,0.2,0.2,0,1,1,0,10,5,"original",13,20213
3,0.3,"bonferroni","t","hat_d",TRUE,TRUE,0.4,0.4,0,2,2,0,10,5,"original",14,20214
3,0.3,"bonferroni","t","hat_d",TRUE,TRUE,0.4,0.4,0,2,2,0,10,5,"original",15,20215
3,0.3,"bonferroni","t","hat_d",TRUE,TRUE,0.4,0.4,0,2,2,0,10,5,"original",16,20216
3,0.3,"bonferroni","t","hat_d",TRUE,TRUE,0.2,0.2,0,1,1,0,10,5,"original",17,20217
3,0.3,"bonferroni","t","hat_d",TRUE,TRUE,0.2,0.2,0,1,1,0,10,5,"original",18,20218
3,0.3,"bonferroni","t","hat_d",TRUE,TRUE,0.2,0.2,0,1,1,0,10,5,"original",19,20219
3,0.3,"bonferroni","t","hat_d",TRUE,TRUE,0.2,0.2,0,1,1,0,10,5,"original",20,20220
3,0.3,"bonferroni","t","hat_d",TRUE,TRUE,0.2,0.2,0,1,1,0,10,5,"original",21,20221
3,0.3,"bonferroni","t","hat_d",TRUE,TRUE,0.4,0.4,0,2,2,0,10,5,"original",22,20222
3,0.3,"bonferroni","t","hat_d",TRUE,TRUE,0.4,0.4,0,2,2,0,10,5,"original",23,20223
3,0.3,"bonferroni","t","hat_d",TRUE,TRUE,0.4,0.4,0,2,2,0,10,5,"original",24,20224
3,0.3,"bonferroni","t","hat_d",TRUE,TRUE,0.2,0.2,0,1,1,0,10,5,"original",25,20225
3,0.3,"bonferroni","t","hat_d",TRUE,TRUE,0.2,0.2,0,1,1,0,10,5,"original",26,20226
3,0.3,"bonferroni","t","hat_d",TRUE,TRUE,0.2,0.2,0,1,1,0,10,5,"original",27,20227
3,0.3,"bonferroni","t","hat_d",TRUE,TRUE,0.2,0.2,0,1,1,0,10,5,"original",28,20228
3,0.3,"bonferroni","t","hat_d",TRUE,TRUE,0.4,0.4,0,2,2,0,10,5,"original",29,20229
3,0.3,"bonferroni","t","hat_d",TRUE,TRUE,0.4,0.4,0,2,2,0,10,5,"original",30,20230
4,0.3,"bonferroni","t","hat_d",TRUE,TRUE,0.8,0.8,0,4,4,0,10,5,"original",1,20301
4,0.3,"bonferroni","t","hat_d",TRUE,TRUE,0.6,0.6,0,3,3,0,10,5,"original",2,20302
4,0.3,"bonferroni","t","hat_d",TRUE,TRUE,0.6,0.6,0,3,3,0,10,5,"original",3,20303
4,0.3,"bonferroni","t","hat_d",TRUE,TRUE,0.6,0.6,0,3,3,0,10,5,"original",4,20304
4,0.3,"bonferroni","t","hat_d",TRUE,TRUE,0.6,0.6,0,3,3,0,10,5,"original",5,20305
4,0.3,"bonferroni","t","hat_d",TRUE,TRUE,0.6,0.6,0,3,3,0,10,5,"original",6,20306
4,0.3,"bonferroni","t","hat_d",TRUE,TRUE,0.8,0.8,0,4,4,0,10,5,"original",7,20307
4,0.3,"bonferroni","t","hat_d",TRUE,TRUE,0.8,0.8,0,4,4,0,10,5,"original",8,20308
4,0.3,"bonferroni","t","hat_d",TRUE,TRUE,0.8,0.8,0,4,4,0,10,5,"original",9,20309
4,0.3,"bonferroni","t","hat_d",TRUE,TRUE,0.8,0.8,0,4,4,0,10,5,"original",10,20310
4,0.3,"bonferroni","t","hat_d",TRUE,TRUE,0.4,0.4,0,2,2,0,10,5,"original",11,20311
4,0.3,"bonferroni","t","hat_d",TRUE,TRUE,0.6,0.6,0,3,3,0,10,5,"original",12,20312
4,0.3,"bonferroni","t","hat_d",TRUE,TRUE,0.6,0.6,0,3,3,0,10,5,"original",13,20313
4,0.3,"bonferroni","t","hat_d",TRUE,TRUE,0.4,0.4,0,2,2,0,10,5,"original",14,20314
4,0.3,"bonferroni","t","hat_d",TRUE,TRUE,0.6,0.6,0,3,3,0,10,5,"original",15,20315
4,0.3,"bonferroni","t","hat_d",TRUE,TRUE,0.8,0.8,0,4,4,0,10,5,"original",16,20316
4,0.3,"bonferroni","t","hat_d",TRUE,TRUE,1,1,0,5,5,0,10,5,"original",17,20317
4,0.3,"bonferroni","t","hat_d",TRUE,TRUE,1,1,0,5,5,0,10,5,"original",18,20318
4,0.3,"bonferroni","t","hat_d",TRUE,TRUE,0.8,0.8,0,4,4,0,10,5,"original",19,20319
4,0.3,"bonferroni","t","hat_d",TRUE,TRUE,0.8,0.8,0,4,4,0,10,5,"original",20,20320
4,0.3,"bonferroni","t","hat_d",TRUE,TRUE,0.6,0.6,0,3,3,0,10,5,"original",21,20321
4,0.3,"bonferroni","t","hat_d",TRUE,TRUE,0.6,0.6,0,3,3,0,10,5,"original",22,20322
4,0.3,"bonferroni","t","hat_d",TRUE,TRUE,0.2,0.2,0,1,1,0,10,5,"original",23,20323
4,0.3,"bonferroni","t","hat_d",TRUE,TRUE,0.2,0.2,0,1,1,0,10,5,"original",24,20324
4,0.3,"bonferroni","t","hat_d",TRUE,TRUE,0.6,0.6,0,3,3,0,10,5,"original",25,20325
4,0.3,"bonferroni","t","hat_d",TRUE,TRUE,0.6,0.6,0,3,3,0,10,5,"original",26,20326
4,0.3,"bonferroni","t","hat_d",TRUE,TRUE,0.8,0.8,0,4,4,0,10,5,"original",27,20327
4,0.3,"bonferroni","t","hat_d",TRUE,TRUE,0.8,0.8,0,4,4,0,10,5,"original",28,20328
4,0.3,"bonferroni","t","hat_d",TRUE,TRUE,0.6,0.6,0,3,3,0,10,5,"original",29,20329
4,0.3,"bonferroni","t","hat_d",TRUE,TRUE,0.4,0.4,0,2,2,0,10,5,"original",30,20330
5,0.3,"bonferroni","t","hat_d",TRUE,TRUE,0.6,0.6,0,3,3,0,10,5,"original",1,20401
5,0.3,"bonferroni","t","hat_d",TRUE,TRUE,0.6,0.6,0,3,3,0,10,5,"original",2,20402
5,0.3,"bonferroni","t","hat_d",TRUE,TRUE,0.6,0.6,0,3,3,0,10,5,"original",3,20403
5,0.3,"bonferroni","t","hat_d",TRUE,TRUE,0.6,0.6,0,3,3,0,10,5,"original",4,20404
5,0.3,"bonferroni","t","hat_d",TRUE,TRUE,0.6,0.6,0,3,3,0,10,5,"original",5,20405
5,0.3,"bonferroni","t","hat_d",TRUE,TRUE,0.8,0.8,0,4,4,0,10,5,"original",6,20406
5,0.3,"bonferroni","t","hat_d",TRUE,TRUE,0.8,0.8,0,4,4,0,10,5,"original",7,20407
5,0.3,"bonferroni","t","hat_d",TRUE,TRUE,0.8,0.8,0,4,4,0,10,5,"original",8,20408
5,0.3,"bonferroni","t","hat_d",TRUE,TRUE,0.8,0.8,0,4,4,0,10,5,"original",9,20409
5,0.3,"bonferroni","t","hat_d",TRUE,TRUE,0.8,0.8,0,4,4,0,10,5,"original",10,20410
5,0.3,"bonferroni","t","hat_d",TRUE,TRUE,0.8,0.8,0,4,4,0,10,5,"original",11,20411
5,0.3,"bonferroni","t","hat_d",TRUE,TRUE,1,1,0,5,5,0,10,5,"original",12,20412
5,0.3,"bonferroni","t","hat_d",TRUE,TRUE,0.8,0.8,0,4,4,0,10,5,"original",13,20413
5,0.3,"bonferroni","t","hat_d",TRUE,TRUE,1,1,0,5,5,0,10,5,"original",14,20414
5,0.3,"bonferroni","t","hat_d",TRUE,TRUE,1,1,0,5,5,0,10,5,"original",15,20415
5,0.3,"bonferroni","t","hat_d",TRUE,TRUE,1,1,0,5,5,0,10,5,"original",16,20416
5,0.3,"bonferroni","t","hat_d",TRUE,TRUE,1,1,0,5,5,0,10,5,"original",17,20417
5,0.3,"bonferroni","t","hat_d",TRUE,TRUE,1,1,0,5,5,0,10,5,"original",18,20418
5,0.3,"bonferroni","t","hat_d",TRUE,TRUE,1,1,0,5,5,0,10,5,"original",19,20419
5,0.3,"bonferroni","t","hat_d",TRUE,TRUE,1,1,0,5,5,0,10,5,"original",20,20420
5,0.3,"bonferroni","t","hat_d",TRUE,TRUE,1,1,0,5,5,0,10,5,"original",21,20421
5,0.3,"bonferroni","t","hat_d",TRUE,TRUE,1,1,0,5,5,0,10,5,"original",22,20422
5,0.3,"bonferroni","t","hat_d",TRUE,TRUE,1,1,0,5,5,0,10,5,"original",23,20423
5,0.3,"bonferroni","t","hat_d",TRUE,TRUE,1,1,0,5,5,0,10,5,"original",24,20424
5,0.3,"bonferroni","t","hat_d",TRUE,TRUE,1,1,0,5,5,0,10,5,"original",25,20425
5,0.3,"bonferroni","t","hat_d",TRUE,TRUE,1,1,0,5,5,0,10,5,"original",26,20426
5,0.3,"bonferroni","t","hat_d",TRUE,TRUE,1,1,0,5,5,0,10,5,"original",27,20427
5,0.3,"bonferroni","t","hat_d",TRUE,TRUE,1,1,0,5,5,0,10,5,"original",28,20428
5,0.3,"bonferroni","t","hat_d",TRUE,TRUE,0.8,0.8,0,4,4,0,10,5,"original",29,20429
5,0.3,"bonferroni","t","hat_d",TRUE,TRUE,0.8,0.8,0,4,4,0,10,5,"original",30,20430
6,0.3,"bonferroni","t","hat_d",TRUE,TRUE,1,1,0,5,5,0,10,5,"original",1,20501
6,0.3,"bonferroni","t","hat_d",TRUE,TRUE,1,1,0,5,5,0,10,5,"original",2,20502
6,0.3,"bonferroni","t","hat_d",TRUE,TRUE,1,1,0,5,5,0,10,5,"original",3,20503
6,0.3,"bonferroni","t","hat_d",TRUE,TRUE,1,1,0,5,5,0,10,5,"original",4,20504
6,0.3,"bonferroni","t","hat_d",TRUE,TRUE,1,1,0,5,5,0,10,5,"original",5,20505
6,0.3,"bonferroni","t","hat_d",TRUE,TRUE,1,1,0,5,5,0,10,5,"original",6,20506
6,0.3,"bonferroni","t","hat_d",TRUE,TRUE,1,1,0,5,5,0,10,5,"original",7,20507
6,0.3,"bonferroni","t","hat_d",TRUE,TRUE,1,1,0,5,5,0,10,5,"original",8,20508
6,0.3,"bonferroni","t","hat_d",TRUE,TRUE,1,1,0,5,5,0,10,5,"original",9,20509
6,0.3,"bonferroni","t","hat_d",TRUE,TRUE,1,1,0,5,5,0,10,5,"original",10,20510
6,0.3,"bonferroni","t","hat_d",TRUE,TRUE,1,1,0,5,5,0,10,5,"original",11,20511
6,0.3,"bonferroni","t","hat_d",TRUE,TRUE,1,1,0,5,5,0,10,5,"original",12,20512
6,0.3,"bonferroni","t","hat_d",TRUE,TRUE,1,1,0,5,5,0,10,5,"original",13,20513
6,0.3,"bonferroni","t","hat_d",TRUE,TRUE,1,1,0,5,5,0,10,5,"original",14,20514
6,0.3,"bonferroni","t","hat_d",TRUE,TRUE,1,1,0,5,5,0,10,5,"original",15,20515
6,0.3,"bonferroni","t","hat_d",TRUE,TRUE,1,1,0,5,5,0,10,5,"original",16,20516
6,0.3,"bonferroni","t","hat_d",TRUE,TRUE,1,1,0,5,5,0,10,5,"original",17,20517
6,0.3,"bonferroni","t","hat_d",TRUE,TRUE,1,1,0,5,5,0,10,5,"original",18,20518
6,0.3,"bonferroni","t","hat_d",TRUE,TRUE,1,1,0,5,5,0,10,5,"original",19,20519
6,0.3,"bonferroni","t","hat_d",TRUE,TRUE,1,1,0,5,5,0,10,5,"original",20,20520
6,0.3,"bonferroni","t","hat_d",TRUE,TRUE,1,1,0,5,5,0,10,5,"original",21,20521
6,0.3,"bonferroni","t","hat_d",TRUE,TRUE,1,1,0,5,5,0,10,5,"original",22,20522
6,0.3,"bonferroni","t","hat_d",TRUE,TRUE,1,1,0,5,5,0,10,5,"original",23,20523
6,0.3,"bonferroni","t","hat_d",TRUE,TRUE,1,1,0,5,5,0,10,5,"original",24,20524
6,0.3,"bonferroni","t","hat_d",TRUE,TRUE,1,1,0,5,5,0,10,5,"original",25,20525
6,0.3,"bonferroni","t","hat_d",TRUE,TRUE,0.8,0.8,0,4,4,0,10,5,"original",26,20526
6,0.3,"bonferroni","t","hat_d",TRUE,TRUE,0.8,0.8,0,4,4,0,10,5,"original",27,20527
6,0.3,"bonferroni","t","hat_d",TRUE,TRUE,0.6,0.6,0,3,3,0,10,5,"original",28,20528
6,0.3,"bonferroni","t","hat_d",TRUE,TRUE,0.8,0.8,0,4,4,0,10,5,"original",29,20529
6,0.3,"bonferroni","t","hat_d",TRUE,TRUE,1,1,0,5,5,0,10,5,"original",30,20530
7,0.3,"bonferroni","t","hat_d",TRUE,TRUE,1,1,0,5,5,0,10,5,"original",1,20601
7,0.3,"bonferroni","t","hat_d",TRUE,TRUE,1,1,0,5,5,0,10,5,"original",2,20602
7,0.3,"bonferroni","t","hat_d",TRUE,TRUE,1,1,0,5,5,0,10,5,"original",3,20603
7,0.3,"bonferroni","t","hat_d",TRUE,TRUE,1,1,0,5,5,0,10,5,"original",4,20604
7,0.3,"bonferroni","t","hat_d",TRUE,TRUE,1,1,0,5,5,0,10,5,"original",5,20605
7,0.3,"bonferroni","t","hat_d",TRUE,TRUE,1,1,0,5,5,0,10,5,"original",6,20606
7,0.3,"bonferroni","t","hat_d",TRUE,TRUE,1,1,0,5,5,0,10,5,"original",7,20607
7,0.3,"bonferroni","t","hat_d",TRUE,TRUE,1,1,0,5,5,0,10,5,"original",8,20608
7,0.3,"bonferroni","t","hat_d",TRUE,TRUE,1,1,0,5,5,0,10,5,"original",9,20609
7,0.3,"bonferroni","t","hat_d",TRUE,TRUE,1,1,0,5,5,0,10,5,"original",10,20610
7,0.3,"bonferroni","t","hat_d",TRUE,TRUE,1,1,0,5,5,0,10,5,"original",11,20611
7,0.3,"bonferroni","t","hat_d",TRUE,TRUE,1,1,0,5,5,0,10,5,"original",12,20612
7,0.3,"bonferroni","t","hat_d",TRUE,TRUE,1,1,0,5,5,0,10,5,"original",13,20613
7,0.3,"bonferroni","t","hat_d",TRUE,TRUE,1,1,0,5,5,0,10,5,"original",14,20614
7,0.3,"bonferroni","t","hat_d",TRUE,TRUE,1,1,0,5,5,0,10,5,"original",15,20615
7,0.3,"bonferroni","t","hat_d",TRUE,TRUE,1,1,0,5,5,0,10,5,"original",16,20616
7,0.3,"bonferroni","t","hat_d",TRUE,TRUE,1,1,0,5,5,0,10,5,"original",17,20617
7,0.3,"bonferroni","t","hat_d",TRUE,TRUE,1,1,0,5,5,0,10,5,"original",18,20618
7,0.3,"bonferroni","t","hat_d",TRUE,TRUE,1,1,0,5,5,0,10,5,"original",19,20619
7,0.3,"bonferroni","t","hat_d",TRUE,TRUE,1,1,0,5,5,0,10,5,"original",20,20620
7,0.3,"bonferroni","t","hat_d",TRUE,TRUE,1,1,0,5,5,0,10,5,"original",21,20621
7,0.3,"bonferroni","t","hat_d",TRUE,TRUE,1,1,0,5,5,0,10,5,"original",22,20622
7,0.3,"bonferroni","t","hat_d",TRUE,TRUE,1,1,0,5,5,0,10,5,"original",23,20623
7,0.3,"bonferroni","t","hat_d",TRUE,TRUE,1,1,0,5,5,0,10,5,"original",24,20624
7,0.3,"bonferroni","t","hat_d",TRUE,TRUE,1,1,0,5,5,0,10,5,"original",25,20625
7,0.3,"bonferroni","t","hat_d",TRUE,TRUE,1,1,0,5,5,0,10,5,"original",26,20626
7,0.3,"bonferroni","t","hat_d",TRUE,TRUE,1,1,0,5,5,0,10,5,"original",27,20627
7,0.3,"bonferroni","t","hat_d",TRUE,TRUE,1,1,0,5,5,0,10,5,"original",28,20628
7,0.3,"bonferroni","t","hat_d",TRUE,TRUE,1,1,0,5,5,0,10,5,"original",29,20629
7,0.3,"bonferroni","t","hat_d",TRUE,TRUE,1,1,0,5,5,0,10,5,"original",30,20630
8,0.3,"bonferroni","t","hat_d",TRUE,TRUE,1,1,0,5,5,0,10,5,"original",1,20701
8,0.3,"bonferroni","t","hat_d",TRUE,TRUE,1,1,0,5,5,0,10,5,"original",2,20702
8,0.3,"bonferroni","t","hat_d",TRUE,TRUE,1,1,0,5,5,0,10,5,"original",3,20703
8,0.3,"bonferroni","t","hat_d",TRUE,TRUE,1,1,0,5,5,0,10,5,"original",4,20704
8,0.3,"bonferroni","t","hat_d",TRUE,TRUE,1,1,0,5,5,0,10,5,"original",5,20705
8,0.3,"bonferroni","t","hat_d",TRUE,TRUE,1,1,0,5,5,0,10,5,"original",6,20706
8,0.3,"bonferroni","t","hat_d",TRUE,TRUE,1,1,0,5,5,0,10,5,"original",7,20707
8,0.3,"bonferroni","t","hat_d",TRUE,TRUE,1,1,0,5,5,0,10,5,"original",8,20708
8,0.3,"bonferroni","t","hat_d",TRUE,TRUE,1,1,0,5,5,0,10,5,"original",9,20709
8,0.3,"bonferroni","t","hat_d",TRUE,TRUE,1,1,0,5,5,0,10,5,"original",10,20710
8,0.3,"bonferroni","t","hat_d",TRUE,TRUE,1,1,0,5,5,0,10,5,"original",11,20711
8,0.3,"bonferroni","t","hat_d",TRUE,TRUE,1,1,0,5,5,0,10,5,"original",12,20712
8,0.3,"bonferroni","t","hat_d",TRUE,TRUE,1,1,0,5,5,0,10,5,"original",13,20713
8,0.3,"bonferroni","t","hat_d",TRUE,TRUE,1,1,0,5,5,0,10,5,"original",14,20714
8,0.3,"bonferroni","t","hat_d",TRUE,TRUE,1,1,0,5,5,0,10,5,"original",15,20715
8,0.3,"bonferroni","t","hat_d",TRUE,TRUE,1,1,0,5,5,0,10,5,"original",16,20716
8,0.3,"bonferroni","t","hat_d",TRUE,TRUE,1,1,0,5,5,0,10,5,"original",17,20717
8,0.3,"bonferroni","t","hat_d",TRUE,TRUE,1,1,0,5,5,0,10,5,"original",18,20718
8,0.3,"bonferroni","t","hat_d",TRUE,TRUE,1,1,0,5,5,0,10,5,"original",19,20719
8,0.3,"bonferroni","t","hat_d",TRUE,TRUE,1,1,0,5,5,0,10,5,"original",20,20720
8,0.3,"bonferroni","t","hat_d",TRUE,TRUE,1,1,0,5,5,0,10,5,"original",21,20721
8,0.3,"bonferroni","t","hat_d",TRUE,TRUE,1,1,0,5,5,0,10,5,"original",22,20722
8,0.3,"bonferroni","t","hat_d",TRUE,TRUE,1,1,0,5,5,0,10,5,"original",23,20723
8,0.3,"bonferroni","t","hat_d",TRUE,TRUE,1,1,0,5,5,0,10,5,"original",24,20724
8,0.3,"bonferroni","t","hat_d",TRUE,TRUE,1,1,0,5,5,0,10,5,"original",25,20725
8,0.3,"bonferroni","t","hat_d",TRUE,TRUE,1,1,0,5,5,0,10,5,"original",26,20726
8,0.3,"bonferroni","t","hat_d",TRUE,TRUE,1,1,0,5,5,0,10,5,"original",27,20727
8,0.3,"bonferroni","t","hat_d",TRUE,TRUE,1,1,0,5,5,0,10,5,"original",28,20728
8,0.3,"bonferroni","t","hat_d",TRUE,TRUE,1,1,0,5,5,0,10,5,"original",29,20729
8,0.3,"bonferroni","t","hat_d",TRUE,TRUE,1,1,0,5,5,0,10,5,"original",30,20730
9,0.3,"bonferroni","t","hat_d",TRUE,TRUE,1,1,0,5,5,0,10,5,"original",1,20801
9,0.3,"bonferroni","t","hat_d",TRUE,TRUE,1,1,0,5,5,0,10,5,"original",2,20802
9,0.3,"bonferroni","t","hat_d",TRUE,TRUE,1,1,0,5,5,0,10,5,"original",3,20803
9,0.3,"bonferroni","t","hat_d",TRUE,TRUE,1,1,0,5,5,0,10,5,"original",4,20804
9,0.3,"bonferroni","t","hat_d",TRUE,TRUE,1,1,0,5,5,0,10,5,"original",5,20805
9,0.3,"bonferroni","t","hat_d",TRUE,TRUE,1,1,0,5,5,0,10,5,"original",6,20806
9,0.3,"bonferroni","t","hat_d",TRUE,TRUE,1,1,0,5,5,0,10,5,"original",7,20807
9,0.3,"bonferroni","t","hat_d",TRUE,TRUE,1,1,0,5,5,0,10,5,"original",8,20808
9,0.3,"bonferroni","t","hat_d",TRUE,TRUE,1,1,0,5,5,0,10,5,"original",9,20809
9,0.3,"bonferroni","t","hat_d",TRUE,TRUE,1,1,0,5,5,0,10,5,"original",10,20810
9,0.3,"bonferroni","t","hat_d",TRUE,TRUE,1,1,0,5,5,0,10,5,"original",11,20811
9,0.3,"bonferroni","t","hat_d",TRUE,TRUE,1,1,0,5,5,0,10,5,"original",12,20812
9,0.3,"bonferroni","t","hat_d",TRUE,TRUE,1,1,0,5,5,0,10,5,"original",13,20813
9,0.3,"bonferroni","t","hat_d",TRUE,TRUE,1,1,0,5,5,0,10,5,"original",14,20814
9,0.3,"bonferroni","t","hat_d",TRUE,TRUE,1,1,0,5,5,0,10,5,"original",15,20815
9,0.3,"bonferroni","t","hat_d",TRUE,TRUE,1,1,0,5,5,0,10,5,"original",16,20816
9,0.3,"bonferroni","t","hat_d",TRUE,TRUE,1,1,0,5,5,0,10,5,"original",17,20817
9,0.3,"bonferroni","t","hat_d",TRUE,TRUE,1,1,0,5,5,0,10,5,"original",18,20818
9,0.3,"bonferroni","t","hat_d",TRUE,TRUE,1,1,0,5,5,0,10,5,"original",19,20819
9,0.3,"bonferroni","t","hat_d",TRUE,TRUE,1,1,0,5,5,0,10,5,"original",20,20820
9,0.3,"bonferroni","t","hat_d",TRUE,TRUE,1,1,0,5,5,0,10,5,"original",21,20821
9,0.3,"bonferroni","t","hat_d",TRUE,TRUE,1,1,0,5,5,0,10,5,"original",22,20822
9,0.3,"bonferroni","t","hat_d",TRUE,TRUE,1,1,0,5,5,0,10,5,"original",23,20823
9,0.3,"bonferroni","t","hat_d",TRUE,TRUE,1,1,0,5,5,0,10,5,"original",24,20824
9,0.3,"bonferroni","t","hat_d",TRUE,TRUE,1,1,0,5,5,0,10,5,"original",25,20825
9,0.3,"bonferroni","t","hat_d",TRUE,TRUE,1,1,0,5,5,0,10,5,"original",26,20826
9,0.3,"bonferroni","t","hat_d",TRUE,TRUE,1,1,0,5,5,0,10,5,"original",27,20827
9,0.3,"bonferroni","t","hat_d",TRUE,TRUE,1,1,0,5,5,0,10,5,"original",28,20828
9,0.3,"bonferroni","t","hat_d",TRUE,TRUE,1,1,0,5,5,0,10,5,"original",29,20829
9,0.3,"bonferroni","t","hat_d",TRUE,TRUE,1,1,0,5,5,0,10,5,"original",30,20830
3,0.35,"bonferroni","t","hat_d",TRUE,TRUE,0.6,0.6,0,3,3,0,10,5,"original",1,30201
3,0.35,"bonferroni","t","hat_d",TRUE,TRUE,0.6,0.6,0,3,3,0,10,5,"original",2,30202
3,0.35,"bonferroni","t","hat_d",TRUE,TRUE,0.8,0.8,0,4,4,0,10,5,"original",3,30203
3,0.35,"bonferroni","t","hat_d",TRUE,TRUE,1,1,0,5,5,0,10,5,"original",4,30204
3,0.35,"bonferroni","t","hat_d",TRUE,TRUE,1,1,0,5,5,0,10,5,"original",5,30205
3,0.35,"bonferroni","t","hat_d",TRUE,TRUE,0.8,0.8,0,4,4,0,10,5,"original",6,30206
3,0.35,"bonferroni","t","hat_d",TRUE,TRUE,0.8,0.8,0,4,4,0,10,5,"original",7,30207
3,0.35,"bonferroni","t","hat_d",TRUE,TRUE,0.8,0.8,0,4,4,0,10,5,"original",8,30208
3,0.35,"bonferroni","t","hat_d",TRUE,TRUE,1,1,0,5,5,0,10,5,"original",9,30209
3,0.35,"bonferroni","t","hat_d",TRUE,TRUE,0.8,0.8,0,4,4,0,10,5,"original",10,30210
3,0.35,"bonferroni","t","hat_d",TRUE,TRUE,0.8,0.8,0,4,4,0,10,5,"original",11,30211
3,0.35,"bonferroni","t","hat_d",TRUE,TRUE,0.8,0.8,0,4,4,0,10,5,"original",12,30212
3,0.35,"bonferroni","t","hat_d",TRUE,TRUE,1,1,0,5,5,0,10,5,"original",13,30213
3,0.35,"bonferroni","t","hat_d",TRUE,TRUE,0.6,0.6,0,3,3,0,10,5,"original",14,30214
3,0.35,"bonferroni","t","hat_d",TRUE,TRUE,0.6,0.6,0,3,3,0,10,5,"original",15,30215
3,0.35,"bonferroni","t","hat_d",TRUE,TRUE,0.6,0.6,0,3,3,0,10,5,"original",16,30216
3,0.35,"bonferroni","t","hat_d",TRUE,TRUE,0.6,0.6,0,3,3,0,10,5,"original",17,30217
3,0.35,"bonferroni","t","hat_d",TRUE,TRUE,0.6,0.6,0,3,3,0,10,5,"original",18,30218
3,0.35,"bonferroni","t","hat_d",TRUE,TRUE,0.4,0.4,0,2,2,0,10,5,"original",19,30219
3,0.35,"bonferroni","t","hat_d",TRUE,TRUE,0.6,0.6,0,3,3,0,10,5,"original",20,30220
3,0.35,"bonferroni","t","hat_d",TRUE,TRUE,0.6,0.6,0,3,3,0,10,5,"original",21,30221
3,0.35,"bonferroni","t","hat_d",TRUE,TRUE,0.8,0.8,0,4,4,0,10,5,"original",22,30222
3,0.35,"bonferroni","t","hat_d",TRUE,TRUE,0.8,0.8,0,4,4,0,10,5,"original",23,30223
3,0.35,"bonferroni","t","hat_d",TRUE,TRUE,1,1,0,5,5,0,10,5,"original",24,30224
3,0.35,"bonferroni","t","hat_d",TRUE,TRUE,1,1,0,5,5,0,10,5,"original",25,30225
3,0.35,"bonferroni","t","hat_d",TRUE,TRUE,1,1,0,5,5,0,10,5,"original",26,30226
3,0.35,"bonferroni","t","hat_d",TRUE,TRUE,0.8,0.8,0,4,4,0,10,5,"original",27,30227
3,0.35,"bonferroni","t","hat_d",TRUE,TRUE,0.6,0.6,0,3,3,0,10,5,"original",28,30228
3,0.35,"bonferroni","t","hat_d",TRUE,TRUE,0.6,0.6,0,3,3,0,10,5,"original",29,30229
3,0.35,"bonferroni","t","hat_d",TRUE,TRUE,0.6,0.6,0,3,3,0,10,5,"original",30,30230
4,0.35,"bonferroni","t","hat_d",TRUE,TRUE,0.8,0.8,0,4,4,0,10,5,"original",1,30301
4,0.35,"bonferroni","t","hat_d",TRUE,TRUE,0.8,0.8,0,4,4,0,10,5,"original",2,30302
4,0.35,"bonferroni","t","hat_d",TRUE,TRUE,1,1,0,5,5,0,10,5,"original",3,30303
4,0.35,"bonferroni","t","hat_d",TRUE,TRUE,1,1,0,5,5,0,10,5,"original",4,30304
4,0.35,"bonferroni","t","hat_d",TRUE,TRUE,1,1,0,5,5,0,10,5,"original",5,30305
4,0.35,"bonferroni","t","hat_d",TRUE,TRUE,1,1,0,5,5,0,10,5,"original",6,30306
4,0.35,"bonferroni","t","hat_d",TRUE,TRUE,1,1,0,5,5,0,10,5,"original",7,30307
4,0.35,"bonferroni","t","hat_d",TRUE,TRUE,1,1,0,5,5,0,10,5,"original",8,30308
4,0.35,"bonferroni","t","hat_d",TRUE,TRUE,1,1,0,5,5,0,10,5,"original",9,30309
4,0.35,"bonferroni","t","hat_d",TRUE,TRUE,1,1,0,5,5,0,10,5,"original",10,30310
4,0.35,"bonferroni","t","hat_d",TRUE,TRUE,1,1,0,5,5,0,10,5,"original",11,30311
4,0.35,"bonferroni","t","hat_d",TRUE,TRUE,1,1,0,5,5,0,10,5,"original",12,30312
4,0.35,"bonferroni","t","hat_d",TRUE,TRUE,0.8,0.8,0,4,4,0,10,5,"original",13,30313
4,0.35,"bonferroni","t","hat_d",TRUE,TRUE,0.8,0.8,0,4,4,0,10,5,"original",14,30314
4,0.35,"bonferroni","t","hat_d",TRUE,TRUE,1,1,0,5,5,0,10,5,"original",15,30315
4,0.35,"bonferroni","t","hat_d",TRUE,TRUE,1,1,0,5,5,0,10,5,"original",16,30316
4,0.35,"bonferroni","t","hat_d",TRUE,TRUE,0.8,0.8,0,4,4,0,10,5,"original",17,30317
4,0.35,"bonferroni","t","hat_d",TRUE,TRUE,1,1,0,5,5,0,10,5,"original",18,30318
4,0.35,"bonferroni","t","hat_d",TRUE,TRUE,0.8,0.8,0,4,4,0,10,5,"original",19,30319
4,0.35,"bonferroni","t","hat_d",TRUE,TRUE,0.8,0.8,0,4,4,0,10,5,"original",20,30320
4,0.35,"bonferroni","t","hat_d",TRUE,TRUE,1,1,0,5,5,0,10,5,"original",21,30321
4,0.35,"bonferroni","t","hat_d",TRUE,TRUE,1,1,0,5,5,0,10,5,"original",22,30322
4,0.35,"bonferroni","t","hat_d",TRUE,TRUE,1,1,0,5,5,0,10,5,"original",23,30323
4,0.35,"bonferroni","t","hat_d",TRUE,TRUE,1,1,0,5,5,0,10,5,"original",24,30324
4,0.35,"bonferroni","t","hat_d",TRUE,TRUE,1,1,0,5,5,0,10,5,"original",25,30325
4,0.35,"bonferroni","t","hat_d",TRUE,TRUE,1,1,0,5,5,0,10,5,"original",26,30326
4,0.35,"bonferroni","t","hat_d",TRUE,TRUE,1,1,0,5,5,0,10,5,"original",27,30327
4,0.35,"bonferroni","t","hat_d",TRUE,TRUE,1,1,0,5,5,0,10,5,"original",28,30328
4,0.35,"bonferroni","t","hat_d",TRUE,TRUE,1,1,0,5,5,0,10,5,"original",29,30329
4,0.35,"bonferroni","t","hat_d",TRUE,TRUE,1,1,0,5,5,0,10,5,"original",30,30330
5,0.35,"bonferroni","t","hat_d",TRUE,TRUE,1,1,0,5,5,0,10,5,"original",1,30401
5,0.35,"bonferroni","t","hat_d",TRUE,TRUE,1,1,0,5,5,0,10,5,"original",2,30402
5,0.35,"bonferroni","t","hat_d",TRUE,TRUE,1,1,0,5,5,0,10,5,"original",3,30403
5,0.35,"bonferroni","t","hat_d",TRUE,TRUE,1,1,0,5,5,0,10,5,"original",4,30404
5,0.35,"bonferroni","t","hat_d",TRUE,TRUE,1,1,0,5,5,0,10,5,"original",5,30405
5,0.35,"bonferroni","t","hat_d",TRUE,TRUE,1,1,0,5,5,0,10,5,"original",6,30406
5,0.35,"bonferroni","t","hat_d",TRUE,TRUE,1,1,0,5,5,0,10,5,"original",7,30407
5,0.35,"bonferroni","t","hat_d",TRUE,TRUE,1,1,0,5,5,0,10,5,"original",8,30408
5,0.35,"bonferroni","t","hat_d",TRUE,TRUE,1,1,0,5,5,0,10,5,"original",9,30409
5,0.35,"bonferroni","t","hat_d",TRUE,TRUE,1,1,0,5,5,0,10,5,"original",10,30410
5,0.35,"bonferroni","t","hat_d",TRUE,TRUE,1,1,0,5,5,0,10,5,"original",11,30411
5,0.35,"bonferroni","t","hat_d",TRUE,TRUE,1,1,0,5,5,0,10,5,"original",12,30412
5,0.35,"bonferroni","t","hat_d",TRUE,TRUE,1,1,0,5,5,0,10,5,"original",13,30413
5,0.35,"bonferroni","t","hat_d",TRUE,TRUE,1,1,0,5,5,0,10,5,"original",14,30414
5,0.35,"bonferroni","t","hat_d",TRUE,TRUE,1,1,0,5,5,0,10,5,"original",15,30415
5,0.35,"bonferroni","t","hat_d",TRUE,TRUE,1,1,0,5,5,0,10,5,"original",16,30416
5,0.35,"bonferroni","t","hat_d",TRUE,TRUE,1,1,0,5,5,0,10,5,"original",17,30417
5,0.35,"bonferroni","t","hat_d",TRUE,TRUE,1,1,0,5,5,0,10,5,"original",18,30418
5,0.35,"bonferroni","t","hat_d",TRUE,TRUE,1,1,0,5,5,0,10,5,"original",19,30419
5,0.35,"bonferroni","t","hat_d",TRUE,TRUE,1,1,0,5,5,0,10,5,"original",20,30420
5,0.35,"bonferroni","t","hat_d",TRUE,TRUE,1,1,0,5,5,0,10,5,"original",21,30421
5,0.35,"bonferroni","t","hat_d",TRUE,TRUE,1,1,0,5,5,0,10,5,"original",22,30422
5,0.35,"bonferroni","t","hat_d",TRUE,TRUE,1,1,0,5,5,0,10,5,"original",23,30423
5,0.35,"bonferroni","t","hat_d",TRUE,TRUE,1,1,0,5,5,0,10,5,"original",24,30424
5,0.35,"bonferroni","t","hat_d",TRUE,TRUE,1,1,0,5,5,0,10,5,"original",25,30425
5,0.35,"bonferroni","t","hat_d",TRUE,TRUE,1,1,0,5,5,0,10,5,"original",26,30426
5,0.35,"bonferroni","t","hat_d",TRUE,TRUE,1,1,0,5,5,0,10,5,"original",27,30427
5,0.35,"bonferroni","t","hat_d",TRUE,TRUE,1,1,0,5,5,0,10,5,"original",28,30428
5,0.35,"bonferroni","t","hat_d",TRUE,TRUE,1,1,0,5,5,0,10,5,"original",29,30429
5,0.35,"bonferroni","t","hat_d",TRUE,TRUE,1,1,0,5,5,0,10,5,"original",30,30430
6,0.35,"bonferroni","t","hat_d",TRUE,TRUE,1,1,0,5,5,0,10,5,"original",1,30501
6,0.35,"bonferroni","t","hat_d",TRUE,TRUE,1,1,0,5,5,0,10,5,"original",2,30502
6,0.35,"bonferroni","t","hat_d",TRUE,TRUE,1,1,0,5,5,0,10,5,"original",3,30503
6,0.35,"bonferroni","t","hat_d",TRUE,TRUE,1,1,0,5,5,0,10,5,"original",4,30504
6,0.35,"bonferroni","t","hat_d",TRUE,TRUE,1,1,0,5,5,0,10,5,"original",5,30505
6,0.35,"bonferroni","t","hat_d",TRUE,TRUE,1,1,0,5,5,0,10,5,"original",6,30506
6,0.35,"bonferroni","t","hat_d",TRUE,TRUE,1,1,0,5,5,0,10,5,"original",7,30507
6,0.35,"bonferroni","t","hat_d",TRUE,TRUE,1,1,0,5,5,0,10,5,"original",8,30508
6,0.35,"bonferroni","t","hat_d",TRUE,TRUE,1,1,0,5,5,0,10,5,"original",9,30509
6,0.35,"bonferroni","t","hat_d",TRUE,TRUE,1,1,0,5,5,0,10,5,"original",10,30510
6,0.35,"bonferroni","t","hat_d",TRUE,TRUE,1,1,0,5,5,0,10,5,"original",11,30511
6,0.35,"bonferroni","t","hat_d",TRUE,TRUE,1,1,0,5,5,0,10,5,"original",12,30512
6,0.35,"bonferroni","t","hat_d",TRUE,TRUE,1,1,0,5,5,0,10,5,"original",13,30513
6,0.35,"bonferroni","t","hat_d",TRUE,TRUE,1,1,0,5,5,0,10,5,"original",14,30514
6,0.35,"bonferroni","t","hat_d",TRUE,TRUE,1,1,0,5,5,0,10,5,"original",15,30515
6,0.35,"bonferroni","t","hat_d",TRUE,TRUE,1,1,0,5,5,0,10,5,"original",16,30516
6,0.35,"bonferroni","t","hat_d",TRUE,TRUE,1,1,0,5,5,0,10,5,"original",17,30517
6,0.35,"bonferroni","t","hat_d",TRUE,TRUE,1,1,0,5,5,0,10,5,"original",18,30518
6,0.35,"bonferroni","t","hat_d",TRUE,TRUE,1,1,0,5,5,0,10,5,"original",19,30519
6,0.35,"bonferroni","t","hat_d",TRUE,TRUE,1,1,0,5,5,0,10,5,"original",20,30520
6,0.35,"bonferroni","t","hat_d",TRUE,TRUE,1,1,0,5,5,0,10,5,"original",21,30521
6,0.35,"bonferroni","t","hat_d",TRUE,TRUE,1,1,0,5,5,0,10,5,"original",22,30522
6,0.35,"bonferroni","t","hat_d",TRUE,TRUE,1,1,0,5,5,0,10,5,"original",23,30523
6,0.35,"bonferroni","t","hat_d",TRUE,TRUE,1,1,0,5,5,0,10,5,"original",24,30524
6,0.35,"bonferroni","t","hat_d",TRUE,TRUE,1,1,0,5,5,0,10,5,"original",25,30525
6,0.35,"bonferroni","t","hat_d",TRUE,TRUE,1,1,0,5,5,0,10,5,"original",26,30526
6,0.35,"bonferroni","t","hat_d",TRUE,TRUE,1,1,0,5,5,0,10,5,"original",27,30527
6,0.35,"bonferroni","t","hat_d",TRUE,TRUE,1,1,0,5,5,0,10,5,"original",28,30528
6,0.35,"bonferroni","t","hat_d",TRUE,TRUE,1,1,0,5,5,0,10,5,"original",29,30529
6,0.35,"bonferroni","t","hat_d",TRUE,TRUE,1,1,0,5,5,0,10,5,"original",30,30530
7,0.35,"bonferroni","t","hat_d",TRUE,TRUE,1,1,0,5,5,0,10,5,"original",1,30601
7,0.35,"bonferroni","t","hat_d",TRUE,TRUE,1,1,0,5,5,0,10,5,"original",2,30602
7,0.35,"bonferroni","t","hat_d",TRUE,TRUE,1,1,0,5,5,0,10,5,"original",3,30603
7,0.35,"bonferroni","t","hat_d",TRUE,TRUE,1,1,0,5,5,0,10,5,"original",4,30604
7,0.35,"bonferroni","t","hat_d",TRUE,TRUE,1,1,0,5,5,0,10,5,"original",5,30605
7,0.35,"bonferroni","t","hat_d",TRUE,TRUE,1,1,0,5,5,0,10,5,"original",6,30606
7,0.35,"bonferroni","t","hat_d",TRUE,TRUE,1,1,0,5,5,0,10,5,"original",7,30607
7,0.35,"bonferroni","t","hat_d",TRUE,TRUE,1,1,0,5,5,0,10,5,"original",8,30608
7,0.35,"bonferroni","t","hat_d",TRUE,TRUE,1,1,0,5,5,0,10,5,"original",9,30609
7,0.35,"bonferroni","t","hat_d",TRUE,TRUE,1,1,0,5,5,0,10,5,"original",10,30610
7,0.35,"bonferroni","t","hat_d",TRUE,TRUE,1,1,0,5,5,0,10,5,"original",11,30611
7,0.35,"bonferroni","t","hat_d",TRUE,TRUE,1,1,0,5,5,0,10,5,"original",12,30612
7,0.35,"bonferroni","t","hat_d",TRUE,TRUE,1,1,0,5,5,0,10,5,"original",13,30613
7,0.35,"bonferroni","t","hat_d",TRUE,TRUE,1,1,0,5,5,0,10,5,"original",14,30614
7,0.35,"bonferroni","t","hat_d",TRUE,TRUE,1,1,0,5,5,0,10,5,"original",15,30615
7,0.35,"bonferroni","t","hat_d",TRUE,TRUE,1,1,0,5,5,0,10,5,"original",16,30616
7,0.35,"bonferroni","t","hat_d",TRUE,TRUE,1,1,0,5,5,0,10,5,"original",17,30617
7,0.35,"bonferroni","t","hat_d",TRUE,TRUE,1,1,0,5,5,0,10,5,"original",18,30618
7,0.35,"bonferroni","t","hat_d",TRUE,TRUE,1,1,0,5,5,0,10,5,"original",19,30619
7,0.35,"bonferroni","t","hat_d",TRUE,TRUE,1,1,0,5,5,0,10,5,"original",20,30620
7,0.35,"bonferroni","t","hat_d",TRUE,TRUE,1,1,0,5,5,0,10,5,"original",21,30621
7,0.35,"bonferroni","t","hat_d",TRUE,TRUE,1,1,0,5,5,0,10,5,"original",22,30622
7,0.35,"bonferroni","t","hat_d",TRUE,TRUE,1,1,0,5,5,0,10,5,"original",23,30623
7,0.35,"bonferroni","t","hat_d",TRUE,TRUE,1,1,0,5,5,0,10,5,"original",24,30624
7,0.35,"bonferroni","t","hat_d",TRUE,TRUE,1,1,0,5,5,0,10,5,"original",25,30625
7,0.35,"bonferroni","t","hat_d",TRUE,TRUE,1,1,0,5,5,0,10,5,"original",26,30626
7,0.35,"bonferroni","t","hat_d",TRUE,TRUE,1,1,0,5,5,0,10,5,"original",27,30627
7,0.35,"bonferroni","t","hat_d",TRUE,TRUE,1,1,0,5,5,0,10,5,"original",28,30628
7,0.35,"bonferroni","t","hat_d",TRUE,TRUE,1,1,0,5,5,0,10,5,"original",29,30629
7,0.35,"bonferroni","t","hat_d",TRUE,TRUE,1,1,0,5,5,0,10,5,"original",30,30630
8,0.35,"bonferroni","t","hat_d",TRUE,TRUE,1,1,0,5,5,0,10,5,"original",1,30701
8,0.35,"bonferroni","t","hat_d",TRUE,TRUE,1,1,0,5,5,0,10,5,"original",2,30702
8,0.35,"bonferroni","t","hat_d",TRUE,TRUE,1,1,0,5,5,0,10,5,"original",3,30703
8,0.35,"bonferroni","t","hat_d",TRUE,TRUE,1,1,0,5,5,0,10,5,"original",4,30704
8,0.35,"bonferroni","t","hat_d",TRUE,TRUE,1,1,0,5,5,0,10,5,"original",5,30705
8,0.35,"bonferroni","t","hat_d",TRUE,TRUE,1,1,0,5,5,0,10,5,"original",6,30706
8,0.35,"bonferroni","t","hat_d",TRUE,TRUE,1,1,0,5,5,0,10,5,"original",7,30707
8,0.35,"bonferroni","t","hat_d",TRUE,TRUE,1,1,0,5,5,0,10,5,"original",8,30708
8,0.35,"bonferroni","t","hat_d",TRUE,TRUE,1,1,0,5,5,0,10,5,"original",9,30709
8,0.35,"bonferroni","t","hat_d",TRUE,TRUE,1,1,0,5,5,0,10,5,"original",10,30710
8,0.35,"bonferroni","t","hat_d",TRUE,TRUE,1,1,0,5,5,0,10,5,"original",11,30711
8,0.35,"bonferroni","t","hat_d",TRUE,TRUE,1,1,0,5,5,0,10,5,"original",12,30712
8,0.35,"bonferroni","t","hat_d",TRUE,TRUE,1,1,0,5,5,0,10,5,"original",13,30713
8,0.35,"bonferroni","t","hat_d",TRUE,TRUE,1,1,0,5,5,0,10,5,"original",14,30714
8,0.35,"bonferroni","t","hat_d",TRUE,TRUE,1,1,0,5,5,0,10,5,"original",15,30715
8,0.35,"bonferroni","t","hat_d",TRUE,TRUE,1,1,0,5,5,0,10,5,"original",16,30716
8,0.35,"bonferroni","t","hat_d",TRUE,TRUE,1,1,0,5,5,0,10,5,"original",17,30717
8,0.35,"bonferroni","t","hat_d",TRUE,TRUE,1,1,0,5,5,0,10,5,"original",18,30718
8,0.35,"bonferroni","t","hat_d",TRUE,TRUE,1,1,0,5,5,0,10,5,"original",19,30719
8,0.35,"bonferroni","t","hat_d",TRUE,TRUE,1,1,0,5,5,0,10,5,"original",20,30720
8,0.35,"bonferroni","t","hat_d",TRUE,TRUE,1,1,0,5,5,0,10,5,"original",21,30721
8,0.35,"bonferroni","t","hat_d",TRUE,TRUE,1,1,0,5,5,0,10,5,"original",22,30722
8,0.35,"bonferroni","t","hat_d",TRUE,TRUE,1,1,0,5,5,0,10,5,"original",23,30723
8,0.35,"bonferroni","t","hat_d",TRUE,TRUE,1,1,0,5,5,0,10,5,"original",24,30724
8,0.35,"bonferroni","t","hat_d",TRUE,TRUE,1,1,0,5,5,0,10,5,"original",25,30725
8,0.35,"bonferroni","t","hat_d",TRUE,TRUE,1,1,0,5,5,0,10,5,"original",26,30726
8,0.35,"bonferroni","t","hat_d",TRUE,TRUE,1,1,0,5,5,0,10,5,"original",27,30727
8,0.35,"bonferroni","t","hat_d",TRUE,TRUE,1,1,0,5,5,0,10,5,"original",28,30728
8,0.35,"bonferroni","t","hat_d",TRUE,TRUE,1,1,0,5,5,0,10,5,"original",29,30729
8,0.35,"bonferroni","t","hat_d",TRUE,TRUE,1,1,0,5,5,0,10,5,"original",30,30730
9,0.35,"bonferroni","t","hat_d",TRUE,TRUE,1,1,0,5,5,0,10,5,"original",1,30801
9,0.35,"bonferroni","t","hat_d",TRUE,TRUE,1,1,0,5,5,0,10,5,"original",2,30802
9,0.35,"bonferroni","t","hat_d",TRUE,TRUE,1,1,0,5,5,0,10,5,"original",3,30803
9,0.35,"bonferroni","t","hat_d",TRUE,TRUE,1,1,0,5,5,0,10,5,"original",4,30804
9,0.35,"bonferroni","t","hat_d",TRUE,TRUE,1,1,0,5,5,0,10,5,"original",5,30805
9,0.35,"bonferroni","t","hat_d",TRUE,TRUE,1,1,0,5,5,0,10,5,"original",6,30806
9,0.35,"bonferroni","t","hat_d",TRUE,TRUE,1,1,0,5,5,0,10,5,"original",7,30807
9,0.35,"bonferroni","t","hat_d",TRUE,TRUE,1,1,0,5,5,0,10,5,"original",8,30808
9,0.35,"bonferroni","t","hat_d",TRUE,TRUE,1,1,0,5,5,0,10,5,"original",9,30809
9,0.35,"bonferroni","t","hat_d",TRUE,TRUE,1,1,0,5,5,0,10,5,"original",10,30810
9,0.35,"bonferroni","t","hat_d",TRUE,TRUE,1,1,0,5,5,0,10,5,"original",11,30811
9,0.35,"bonferroni","t","hat_d",TRUE,TRUE,1,1,0,5,5,0,10,5,"original",12,30812
9,0.35,"bonferroni","t","hat_d",TRUE,TRUE,1,1,0,5,5,0,10,5,"original",13,30813
9,0.35,"bonferroni","t","hat_d",TRUE,TRUE,1,1,0,5,5,0,10,5,"original",14,30814
9,0.35,"bonferroni","t","hat_d",TRUE,TRUE,1,1,0,5,5,0,10,5,"original",15,30815
9,0.35,"bonferroni","t","hat_d",TRUE,TRUE,1,1,0,5,5,0,10,5,"original",16,30816
9,0.35,"bonferroni","t","hat_d",TRUE,TRUE,1,1,0,5,5,0,10,5,"original",17,30817
9,0.35,"bonferroni","t","hat_d",TRUE,TRUE,1,1,0,5,5,0,10,5,"original",18,30818
9,0.35,"bonferroni","t","hat_d",TRUE,TRUE,1,1,0,5,5,0,10,5,"original",19,30819
9,0.35,"bonferroni","t","hat_d",TRUE,TRUE,1,1,0,5,5,0,10,5,"original",20,30820
9,0.35,"bonferroni","t","hat_d",TRUE,TRUE,1,1,0,5,5,0,10,5,"original",21,30821
9,0.35,"bonferroni","t","hat_d",TRUE,TRUE,1,1,0,5,5,0,10,5,"original",22,30822
9,0.35,"bonferroni","t","hat_d",TRUE,TRUE,1,1,0,5,5,0,10,5,"original",23,30823
9,0.35,"bonferroni","t","hat_d",TRUE,TRUE,1,1,0,5,5,0,10,5,"original",24,30824
9,0.35,"bonferroni","t","hat_d",TRUE,TRUE,1,1,0,5,5,0,10,5,"original",25,30825
9,0.35,"bonferroni","t","hat_d",TRUE,TRUE,1,1,0,5,5,0,10,5,"original",26,30826
9,0.35,"bonferroni","t","hat_d",TRUE,TRUE,1,1,0,5,5,0,10,5,"original",27,30827
9,0.35,"bonferroni","t","hat_d",TRUE,TRUE,1,1,0,5,5,0,10,5,"original",28,30828
9,0.35,"bonferroni","t","hat_d",TRUE,TRUE,1,1,0,5,5,0,10,5,"original",29,30829
9,0.35,"bonferroni","t","hat_d",TRUE,TRUE,1,1,0,5,5,0,10,5,"original",30,30830
